ALUNO,DISCIPLINA,NOTA,RESULTADO
Aluno 01,Disciplina 1,7.0,Aprovado
Aluno 01,Disciplina 2,5.0,Aprovado
Aluno 01,Disciplina 3,4.0,Reprovado
Aluno 01,Disciplina 4,7.0,Aprovado
Aluno 01,Disciplina 5,9.0,Aprovado
Aluno 01,Disciplina 6,9.0,Aprovado
Aluno 01,Disciplina 7,7.0,Aprovado
Aluno 01,Disciplina 8,1.0,Reprovado
Aluno 01,Disciplina 9,7.0,Aprovado
Aluno 01,Disciplina 10,10.0,Aprovado
Aluno 02,Disciplina 1,4.0,Reprovado
Aluno 02,Disciplina 2,2.0,Reprovado
Aluno 02,Disciplina 3,7.0,Aprovado
Aluno 02,Disciplina 4,6.0,Aprovado
Aluno 02,Disciplina 5,4.0,Reprovado
Aluno 02,Disciplina 6,6.0,Aprovado
Aluno 02,Disciplina 7,8.0,Aprovado
Aluno 02,Disciplina 8,4.0,Reprovado
Aluno 02,Disciplina 9,9.0,Aprovado
Aluno 02,Disciplina 10,5.0,Aprovado
Aluno 03,Disciplina 1,1.0,Reprovado
Aluno 03,Disciplina 2,4.0,Reprovado
Aluno 03,Disciplina 3,7.0,Aprovado
Aluno 03,Disciplina 4,1.0,Reprovado
Aluno 03,Disciplina 5,8.0,Aprovado
Aluno 03,Disciplina 6,9.0,Aprovado
Aluno 03,Disciplina 7,4.0,Reprovado
Aluno 03,Disciplina 8,6.0,Aprovado
Aluno 03,Disciplina 9,5.0,Aprovado
Aluno 03,Disciplina 10,5.0,Aprovado
Aluno 04,Disciplina 1,6.0,Aprovado
Aluno 04,Disciplina 2,8.0,Aprovado
Aluno 04,Disciplina 3,5.0,Aprovado
Aluno 04,Disciplina 4,4.0,Reprovado
Aluno 04,Disciplina 5,4.0,Reprovado
Aluno 04,Disciplina 6,8.0,Aprovado
Aluno 04,Disciplina 7,10.0,Aprovado
Aluno 04,Disciplina 8,10.0,Aprovado
Aluno 04,Disciplina 9,5.0,Aprovado
Aluno 04,Disciplina 10,4.0,Reprovado
Aluno 05,Disciplina 1,4.0,Reprovado
Aluno 05,Disciplina 2,2.0,Reprovado
Aluno 05,Disciplina 3,6.0,Aprovado
Aluno 05,Disciplina 4,9.0,Aprovado
Aluno 05,Disciplina 5,5.0,Aprovado
Aluno 05,Disciplina 6,1.0,Reprovado
Aluno 05,Disciplina 7,2.0,Reprovado
Aluno 05,Disciplina 8,10.0,Aprovado
Aluno 05,Disciplina 9,8.0,Aprovado
Aluno 05,Disciplina 10,2.0,Reprovado
Aluno 06,Disciplina 1,3.0,Reprovado
Aluno 06,Disciplina 2,10.0,Aprovado
Aluno 06,Disciplina 3,5.0,Aprovado
Aluno 06,Disciplina 4,9.0,Aprovado
Aluno 06,Disciplina 5,8.0,Aprovado
Aluno 06,Disciplina 6,4.0,Reprovado
Aluno 06,Disciplina 7,6.0,Aprovado
Aluno 06,Disciplina 8,1.0,Reprovado
Aluno 06,Disciplina 9,3.0,Reprovado
Aluno 06,Disciplina 10,1.0,Reprovado
Aluno 07,Disciplina 1,1.0,Reprovado
Aluno 07,Disciplina 2,9.0,Aprovado
Aluno 07,Disciplina 3,10.0,Aprovado
Aluno 07,Disciplina 4,1.0,Reprovado
Aluno 07,Disciplina 5,8.0,Aprovado
Aluno 07,Disciplina 6,6.0,Aprovado
Aluno 07,Disciplina 7,7.0,Aprovado
Aluno 07,Disciplina 8,9.0,Aprovado
Aluno 07,Disciplina 9,5.0,Aprovado
Aluno 07,Disciplina 10,4.0,Reprovado
Aluno 08,Disciplina 1,3.0,Reprovado
Aluno 08,Disciplina 2,2.0,Reprovado
Aluno 08,Disciplina 3,10.0,Aprovado
Aluno 08,Disciplina 4,7.0,Aprovado
Aluno 08,Disciplina 5,9.0,Aprovado
Aluno 08,Disciplina 6,8.0,Aprovado
Aluno 08,Disciplina 7,6.0,Aprovado
Aluno 08,Disciplina 8,4.0,Reprovado
Aluno 08,Disciplina 9,4.0,Reprovado
Aluno 08,Disciplina 10,3.0,Reprovado
Aluno 09,Disciplina 1,8.0,Aprovado
Aluno 09,Disciplina 2,5.0,Aprovado
Aluno 09,Disciplina 3,7.0,Aprovado
Aluno 09,Disciplina 4,5.0,Aprovado
Aluno 09,Disciplina 5,1.0,Reprovado
Aluno 09,Disciplina 6,6.0,Aprovado
Aluno 09,Disciplina 7,4.0,Reprovado
Aluno 09,Disciplina 8,8.0,Aprovado
Aluno 09,Disciplina 9,8.0,Aprovado
Aluno 09,Disciplina 10,2.0,Reprovado
Aluno 10,Disciplina 1,8.0,Aprovado
Aluno 10,Disciplina 2,4.0,Reprovado
Aluno 10,Disciplina 3,2.0,Reprovado
Aluno 10,Disciplina 4,7.0,Aprovado
Aluno 10,Disciplina 5,9.0,Aprovado
Aluno 10,Disciplina 6,8.0,Aprovado
Aluno 10,Disciplina 7,10.0,Aprovado
Aluno 10,Disciplina 8,6.0,Aprovado
Aluno 10,Disciplina 9,6.0,Aprovado
Aluno 10,Disciplina 10,7.0,Aprovado
Aluno 11,Disciplina 1,8.0,Aprovado
Aluno 11,Disciplina 2,3.0,Reprovado
Aluno 11,Disciplina 3,7.0,Aprovado
Aluno 11,Disciplina 4,2.0,Reprovado
Aluno 11,Disciplina 5,4.0,Reprovado
Aluno 11,Disciplina 6,5.0,Aprovado
Aluno 11,Disciplina 7,3.0,Reprovado
Aluno 11,Disciplina 8,8.0,Aprovado
Aluno 11,Disciplina 9,2.0,Reprovado
Aluno 11,Disciplina 10,2.0,Reprovado
Aluno 12,Disciplina 1,2.0,Reprovado
Aluno 12,Disciplina 2,3.0,Reprovado
Aluno 12,Disciplina 3,1.0,Reprovado
Aluno 12,Disciplina 4,5.0,Aprovado
Aluno 12,Disciplina 5,6.0,Aprovado
Aluno 12,Disciplina 6,2.0,Reprovado
Aluno 12,Disciplina 7,6.0,Aprovado
Aluno 12,Disciplina 8,10.0,Aprovado
Aluno 12,Disciplina 9,6.0,Aprovado
Aluno 12,Disciplina 10,7.0,Aprovado
Aluno 13,Disciplina 1,7.0,Aprovado
Aluno 13,Disciplina 2,10.0,Aprovado
Aluno 13,Disciplina 3,10.0,Aprovado
Aluno 13,Disciplina 4,10.0,Aprovado
Aluno 13,Disciplina 5,3.0,Reprovado
Aluno 13,Disciplina 6,4.0,Reprovado
Aluno 13,Disciplina 7,4.0,Reprovado
Aluno 13,Disciplina 8,3.0,Reprovado
Aluno 13,Disciplina 9,1.0,Reprovado
Aluno 13,Disciplina 10,3.0,Reprovado
Aluno 14,Disciplina 1,4.0,Reprovado
Aluno 14,Disciplina 2,9.0,Aprovado
Aluno 14,Disciplina 3,1.0,Reprovado
Aluno 14,Disciplina 4,5.0,Aprovado
Aluno 14,Disciplina 5,7.0,Aprovado
Aluno 14,Disciplina 6,5.0,Aprovado
Aluno 14,Disciplina 7,5.0,Aprovado
Aluno 14,Disciplina 8,4.0,Reprovado
Aluno 14,Disciplina 9,1.0,Reprovado
Aluno 14,Disciplina 10,5.0,Aprovado
Aluno 15,Disciplina 1,10.0,Aprovado
Aluno 15,Disciplina 2,9.0,Aprovado
Aluno 15,Disciplina 3,5.0,Aprovado
Aluno 15,Disciplina 4,3.0,Reprovado
Aluno 15,Disciplina 5,7.0,Aprovado
Aluno 15,Disciplina 6,3.0,Reprovado
Aluno 15,Disciplina 7,5.0,Aprovado
Aluno 15,Disciplina 8,3.0,Reprovado
Aluno 15,Disciplina 9,1.0,Reprovado
Aluno 15,Disciplina 10,10.0,Aprovado
Aluno 16,Disciplina 1,9.0,Aprovado
Aluno 16,Disciplina 2,2.0,Reprovado
Aluno 16,Disciplina 3,8.0,Aprovado
Aluno 16,Disciplina 4,10.0,Aprovado
Aluno 16,Disciplina 5,1.0,Reprovado
Aluno 16,Disciplina 6,6.0,Aprovado
Aluno 16,Disciplina 7,2.0,Reprovado
Aluno 16,Disciplina 8,5.0,Aprovado
Aluno 16,Disciplina 9,3.0,Reprovado
Aluno 16,Disciplina 10,7.0,Aprovado
Aluno 17,Disciplina 1,6.0,Aprovado
Aluno 17,Disciplina 2,7.0,Aprovado
Aluno 17,Disciplina 3,1.0,Reprovado
Aluno 17,Disciplina 4,9.0,Aprovado
Aluno 17,Disciplina 5,4.0,Reprovado
Aluno 17,Disciplina 6,8.0,Aprovado
Aluno 17,Disciplina 7,5.0,Aprovado
Aluno 17,Disciplina 8,6.0,Aprovado
Aluno 17,Disciplina 9,7.0,Aprovado
Aluno 17,Disciplina 10,7.0,Aprovado
Aluno 18,Disciplina 1,4.0,Reprovado
Aluno 18,Disciplina 2,2.0,Reprovado
Aluno 18,Disciplina 3,8.0,Aprovado
Aluno 18,Disciplina 4,5.0,Aprovado
Aluno 18,Disciplina 5,10.0,Aprovado
Aluno 18,Disciplina 6,9.0,Aprovado
Aluno 18,Disciplina 7,9.0,Aprovado
Aluno 18,Disciplina 8,6.0,Aprovado
Aluno 18,Disciplina 9,5.0,Aprovado
Aluno 18,Disciplina 10,3.0,Reprovado
Aluno 19,Disciplina 1,1.0,Reprovado
Aluno 19,Disciplina 2,10.0,Aprovado
Aluno 19,Disciplina 3,2.0,Reprovado
Aluno 19,Disciplina 4,10.0,Aprovado
Aluno 19,Disciplina 5,4.0,Reprovado
Aluno 19,Disciplina 6,5.0,Aprovado
Aluno 19,Disciplina 7,9.0,Aprovado
Aluno 19,Disciplina 8,1.0,Reprovado
Aluno 19,Disciplina 9,2.0,Reprovado
Aluno 19,Disciplina 10,1.0,Reprovado
Aluno 20,Disciplina 1,9.0,Aprovado
Aluno 20,Disciplina 2,1.0,Reprovado
Aluno 20,Disciplina 3,6.0,Aprovado
Aluno 20,Disciplina 4,10.0,Aprovado
Aluno 20,Disciplina 5,2.0,Reprovado
Aluno 20,Disciplina 6,3.0,Reprovado
Aluno 20,Disciplina 7,2.0,Reprovado
Aluno 20,Disciplina 8,6.0,Aprovado
Aluno 20,Disciplina 9,6.0,Aprovado
Aluno 20,Disciplina 10,4.0,Reprovado
Aluno 21,Disciplina 1,10.0,Aprovado
Aluno 21,Disciplina 2,4.0,Reprovado
Aluno 21,Disciplina 3,1.0,Reprovado
Aluno 21,Disciplina 4,5.0,Aprovado
Aluno 21,Disciplina 5,5.0,Aprovado
Aluno 21,Disciplina 6,4.0,Reprovado
Aluno 21,Disciplina 7,9.0,Aprovado
Aluno 21,Disciplina 8,5.0,Aprovado
Aluno 21,Disciplina 9,1.0,Reprovado
Aluno 21,Disciplina 10,5.0,Aprovado
Aluno 22,Disciplina 1,9.0,Aprovado
Aluno 22,Disciplina 2,8.0,Aprovado
Aluno 22,Disciplina 3,3.0,Reprovado
Aluno 22,Disciplina 4,2.0,Reprovado
Aluno 22,Disciplina 5,4.0,Reprovado
Aluno 22,Disciplina 6,6.0,Aprovado
Aluno 22,Disciplina 7,10.0,Aprovado
Aluno 22,Disciplina 8,10.0,Aprovado
Aluno 22,Disciplina 9,4.0,Reprovado
Aluno 22,Disciplina 10,7.0,Aprovado
Aluno 23,Disciplina 1,5.0,Aprovado
Aluno 23,Disciplina 2,4.0,Reprovado
Aluno 23,Disciplina 3,3.0,Reprovado
Aluno 23,Disciplina 4,5.0,Aprovado
Aluno 23,Disciplina 5,8.0,Aprovado
Aluno 23,Disciplina 6,10.0,Aprovado
Aluno 23,Disciplina 7,9.0,Aprovado
Aluno 23,Disciplina 8,3.0,Reprovado
Aluno 23,Disciplina 9,3.0,Reprovado
Aluno 23,Disciplina 10,6.0,Aprovado
Aluno 24,Disciplina 1,8.0,Aprovado
Aluno 24,Disciplina 2,5.0,Aprovado
Aluno 24,Disciplina 3,2.0,Reprovado
Aluno 24,Disciplina 4,8.0,Aprovado
Aluno 24,Disciplina 5,7.0,Aprovado
Aluno 24,Disciplina 6,4.0,Reprovado
Aluno 24,Disciplina 7,6.0,Aprovado
Aluno 24,Disciplina 8,10.0,Aprovado
Aluno 24,Disciplina 9,4.0,Reprovado
Aluno 24,Disciplina 10,5.0,Aprovado
Aluno 25,Disciplina 1,10.0,Aprovado
Aluno 25,Disciplina 2,6.0,Aprovado
Aluno 25,Disciplina 3,10.0,Aprovado
Aluno 25,Disciplina 4,1.0,Reprovado
Aluno 25,Disciplina 5,5.0,Aprovado
Aluno 25,Disciplina 6,3.0,Reprovado
Aluno 25,Disciplina 7,3.0,Reprovado
Aluno 25,Disciplina 8,9.0,Aprovado
Aluno 25,Disciplina 9,5.0,Aprovado
Aluno 25,Disciplina 10,8.0,Aprovado
Aluno 26,Disciplina 1,1.0,Reprovado
Aluno 26,Disciplina 2,4.0,Reprovado
Aluno 26,Disciplina 3,10.0,Aprovado
Aluno 26,Disciplina 4,1.0,Reprovado
Aluno 26,Disciplina 5,7.0,Aprovado
Aluno 26,Disciplina 6,10.0,Aprovado
Aluno 26,Disciplina 7,8.0,Aprovado
Aluno 26,Disciplina 8,6.0,Aprovado
Aluno 26,Disciplina 9,2.0,Reprovado
Aluno 26,Disciplina 10,9.0,Aprovado
Aluno 27,Disciplina 1,8.0,Aprovado
Aluno 27,Disciplina 2,7.0,Aprovado
Aluno 27,Disciplina 3,5.0,Aprovado
Aluno 27,Disciplina 4,10.0,Aprovado
Aluno 27,Disciplina 5,5.0,Aprovado
Aluno 27,Disciplina 6,10.0,Aprovado
Aluno 27,Disciplina 7,6.0,Aprovado
Aluno 27,Disciplina 8,6.0,Aprovado
Aluno 27,Disciplina 9,1.0,Reprovado
Aluno 27,Disciplina 10,6.0,Aprovado
Aluno 28,Disciplina 1,10.0,Aprovado
Aluno 28,Disciplina 2,5.0,Aprovado
Aluno 28,Disciplina 3,1.0,Reprovado
Aluno 28,Disciplina 4,1.0,Reprovado
Aluno 28,Disciplina 5,6.0,Aprovado
Aluno 28,Disciplina 6,3.0,Reprovado
Aluno 28,Disciplina 7,9.0,Aprovado
Aluno 28,Disciplina 8,2.0,Reprovado
Aluno 28,Disciplina 9,8.0,Aprovado
Aluno 28,Disciplina 10,4.0,Reprovado
Aluno 29,Disciplina 1,7.0,Aprovado
Aluno 29,Disciplina 2,8.0,Aprovado
Aluno 29,Disciplina 3,9.0,Aprovado
Aluno 29,Disciplina 4,1.0,Reprovado
Aluno 29,Disciplina 5,2.0,Reprovado
Aluno 29,Disciplina 6,3.0,Reprovado
Aluno 29,Disciplina 7,3.0,Reprovado
Aluno 29,Disciplina 8,4.0,Reprovado
Aluno 29,Disciplina 9,3.0,Reprovado
Aluno 29,Disciplina 10,8.0,Aprovado
Aluno 30,Disciplina 1,5.0,Aprovado
Aluno 30,Disciplina 2,4.0,Reprovado
Aluno 30,Disciplina 3,1.0,Reprovado
Aluno 30,Disciplina 4,7.0,Aprovado
Aluno 30,Disciplina 5,8.0,Aprovado
Aluno 30,Disciplina 6,7.0,Aprovado
Aluno 30,Disciplina 7,5.0,Aprovado
Aluno 30,Disciplina 8,2.0,Reprovado
Aluno 30,Disciplina 9,5.0,Aprovado
Aluno 30,Disciplina 10,9.0,Aprovado
Aluno 31,Disciplina 1,5.0,Aprovado
Aluno 31,Disciplina 2,2.0,Reprovado
Aluno 31,Disciplina 3,5.0,Aprovado
Aluno 31,Disciplina 4,5.0,Aprovado
Aluno 31,Disciplina 5,1.0,Reprovado
Aluno 31,Disciplina 6,6.0,Aprovado
Aluno 31,Disciplina 7,6.0,Aprovado
Aluno 31,Disciplina 8,4.0,Reprovado
Aluno 31,Disciplina 9,1.0,Reprovado
Aluno 31,Disciplina 10,9.0,Aprovado
Aluno 32,Disciplina 1,4.0,Reprovado
Aluno 32,Disciplina 2,6.0,Aprovado
Aluno 32,Disciplina 3,10.0,Aprovado
Aluno 32,Disciplina 4,3.0,Reprovado
Aluno 32,Disciplina 5,4.0,Reprovado
Aluno 32,Disciplina 6,6.0,Aprovado
Aluno 32,Disciplina 7,2.0,Reprovado
Aluno 32,Disciplina 8,7.0,Aprovado
Aluno 32,Disciplina 9,7.0,Aprovado
Aluno 32,Disciplina 10,6.0,Aprovado
Aluno 33,Disciplina 1,8.0,Aprovado
Aluno 33,Disciplina 2,3.0,Reprovado
Aluno 33,Disciplina 3,10.0,Aprovado
Aluno 33,Disciplina 4,1.0,Reprovado
Aluno 33,Disciplina 5,6.0,Aprovado
Aluno 33,Disciplina 6,10.0,Aprovado
Aluno 33,Disciplina 7,4.0,Reprovado
Aluno 33,Disciplina 8,6.0,Aprovado
Aluno 33,Disciplina 9,7.0,Aprovado
Aluno 33,Disciplina 10,2.0,Reprovado
Aluno 34,Disciplina 1,9.0,Aprovado
Aluno 34,Disciplina 2,4.0,Reprovado
Aluno 34,Disciplina 3,5.0,Aprovado
Aluno 34,Disciplina 4,1.0,Reprovado
Aluno 34,Disciplina 5,7.0,Aprovado
Aluno 34,Disciplina 6,7.0,Aprovado
Aluno 34,Disciplina 7,4.0,Reprovado
Aluno 34,Disciplina 8,9.0,Aprovado
Aluno 34,Disciplina 9,7.0,Aprovado
Aluno 34,Disciplina 10,9.0,Aprovado
Aluno 35,Disciplina 1,2.0,Reprovado
Aluno 35,Disciplina 2,2.0,Reprovado
Aluno 35,Disciplina 3,6.0,Aprovado
Aluno 35,Disciplina 4,3.0,Reprovado
Aluno 35,Disciplina 5,1.0,Reprovado
Aluno 35,Disciplina 6,5.0,Aprovado
Aluno 35,Disciplina 7,7.0,Aprovado
Aluno 35,Disciplina 8,10.0,Aprovado
Aluno 35,Disciplina 9,7.0,Aprovado
Aluno 35,Disciplina 10,1.0,Reprovado
Aluno 36,Disciplina 1,6.0,Aprovado
Aluno 36,Disciplina 2,1.0,Reprovado
Aluno 36,Disciplina 3,6.0,Aprovado
Aluno 36,Disciplina 4,3.0,Reprovado
Aluno 36,Disciplina 5,8.0,Aprovado
Aluno 36,Disciplina 6,8.0,Aprovado
Aluno 36,Disciplina 7,5.0,Aprovado
Aluno 36,Disciplina 8,4.0,Reprovado
Aluno 36,Disciplina 9,3.0,Reprovado
Aluno 36,Disciplina 10,7.0,Aprovado
Aluno 37,Disciplina 1,3.0,Reprovado
Aluno 37,Disciplina 2,2.0,Reprovado
Aluno 37,Disciplina 3,6.0,Aprovado
Aluno 37,Disciplina 4,4.0,Reprovado
Aluno 37,Disciplina 5,8.0,Aprovado
Aluno 37,Disciplina 6,7.0,Aprovado
Aluno 37,Disciplina 7,1.0,Reprovado
Aluno 37,Disciplina 8,6.0,Aprovado
Aluno 37,Disciplina 9,3.0,Reprovado
Aluno 37,Disciplina 10,6.0,Aprovado
Aluno 38,Disciplina 1,6.0,Aprovado
Aluno 38,Disciplina 2,9.0,Aprovado
Aluno 38,Disciplina 3,6.0,Aprovado
Aluno 38,Disciplina 4,9.0,Aprovado
Aluno 38,Disciplina 5,9.0,Aprovado
Aluno 38,Disciplina 6,2.0,Reprovado
Aluno 38,Disciplina 7,7.0,Aprovado
Aluno 38,Disciplina 8,5.0,Aprovado
Aluno 38,Disciplina 9,9.0,Aprovado
Aluno 38,Disciplina 10,2.0,Reprovado
Aluno 39,Disciplina 1,9.0,Aprovado
Aluno 39,Disciplina 2,6.0,Aprovado
Aluno 39,Disciplina 3,9.0,Aprovado
Aluno 39,Disciplina 4,3.0,Reprovado
Aluno 39,Disciplina 5,9.0,Aprovado
Aluno 39,Disciplina 6,6.0,Aprovado
Aluno 39,Disciplina 7,3.0,Reprovado
Aluno 39,Disciplina 8,6.0,Aprovado
Aluno 39,Disciplina 9,1.0,Reprovado
Aluno 39,Disciplina 10,3.0,Reprovado
Aluno 40,Disciplina 1,5.0,Aprovado
Aluno 40,Disciplina 2,6.0,Aprovado
Aluno 40,Disciplina 3,2.0,Reprovado
Aluno 40,Disciplina 4,3.0,Reprovado
Aluno 40,Disciplina 5,5.0,Aprovado
Aluno 40,Disciplina 6,10.0,Aprovado
Aluno 40,Disciplina 7,4.0,Reprovado
Aluno 40,Disciplina 8,8.0,Aprovado
Aluno 40,Disciplina 9,2.0,Reprovado
Aluno 40,Disciplina 10,3.0,Reprovado
Aluno 41,Disciplina 1,2.0,Reprovado
Aluno 41,Disciplina 2,1.0,Reprovado
Aluno 41,Disciplina 3,7.0,Aprovado
Aluno 41,Disciplina 4,6.0,Aprovado
Aluno 41,Disciplina 5,4.0,Reprovado
Aluno 41,Disciplina 6,9.0,Aprovado
Aluno 41,Disciplina 7,3.0,Reprovado
Aluno 41,Disciplina 8,7.0,Aprovado
Aluno 41,Disciplina 9,9.0,Aprovado
Aluno 41,Disciplina 10,10.0,Aprovado
Aluno 42,Disciplina 1,8.0,Aprovado
Aluno 42,Disciplina 2,5.0,Aprovado
Aluno 42,Disciplina 3,5.0,Aprovado
Aluno 42,Disciplina 4,7.0,Aprovado
Aluno 42,Disciplina 5,3.0,Reprovado
Aluno 42,Disciplina 6,2.0,Reprovado
Aluno 42,Disciplina 7,4.0,Reprovado
Aluno 42,Disciplina 8,3.0,Reprovado
Aluno 42,Disciplina 9,8.0,Aprovado
Aluno 42,Disciplina 10,7.0,Aprovado
Aluno 43,Disciplina 1,4.0,Reprovado
Aluno 43,Disciplina 2,10.0,Aprovado
Aluno 43,Disciplina 3,5.0,Aprovado
Aluno 43,Disciplina 4,7.0,Aprovado
Aluno 43,Disciplina 5,8.0,Aprovado
Aluno 43,Disciplina 6,6.0,Aprovado
Aluno 43,Disciplina 7,7.0,Aprovado
Aluno 43,Disciplina 8,6.0,Aprovado
Aluno 43,Disciplina 9,2.0,Reprovado
Aluno 43,Disciplina 10,2.0,Reprovado
Aluno 44,Disciplina 1,5.0,Aprovado
Aluno 44,Disciplina 2,4.0,Reprovado
Aluno 44,Disciplina 3,9.0,Aprovado
Aluno 44,Disciplina 4,7.0,Aprovado
Aluno 44,Disciplina 5,8.0,Aprovado
Aluno 44,Disciplina 6,8.0,Aprovado
Aluno 44,Disciplina 7,3.0,Reprovado
Aluno 44,Disciplina 8,2.0,Reprovado
Aluno 44,Disciplina 9,10.0,Aprovado
Aluno 44,Disciplina 10,5.0,Aprovado
Aluno 45,Disciplina 1,3.0,Reprovado
Aluno 45,Disciplina 2,7.0,Aprovado
Aluno 45,Disciplina 3,8.0,Aprovado
Aluno 45,Disciplina 4,1.0,Reprovado
Aluno 45,Disciplina 5,10.0,Aprovado
Aluno 45,Disciplina 6,7.0,Aprovado
Aluno 45,Disciplina 7,10.0,Aprovado
Aluno 45,Disciplina 8,3.0,Reprovado
Aluno 45,Disciplina 9,6.0,Aprovado
Aluno 45,Disciplina 10,3.0,Reprovado
Aluno 46,Disciplina 1,3.0,Reprovado
Aluno 46,Disciplina 2,8.0,Aprovado
Aluno 46,Disciplina 3,6.0,Aprovado
Aluno 46,Disciplina 4,4.0,Reprovado
Aluno 46,Disciplina 5,4.0,Reprovado
Aluno 46,Disciplina 6,4.0,Reprovado
Aluno 46,Disciplina 7,2.0,Reprovado
Aluno 46,Disciplina 8,9.0,Aprovado
Aluno 46,Disciplina 9,3.0,Reprovado
Aluno 46,Disciplina 10,7.0,Aprovado
Aluno 47,Disciplina 1,3.0,Reprovado
Aluno 47,Disciplina 2,5.0,Aprovado
Aluno 47,Disciplina 3,9.0,Aprovado
Aluno 47,Disciplina 4,4.0,Reprovado
Aluno 47,Disciplina 5,9.0,Aprovado
Aluno 47,Disciplina 6,9.0,Aprovado
Aluno 47,Disciplina 7,2.0,Reprovado
Aluno 47,Disciplina 8,8.0,Aprovado
Aluno 47,Disciplina 9,6.0,Aprovado
Aluno 47,Disciplina 10,8.0,Aprovado
Aluno 48,Disciplina 1,5.0,Aprovado
Aluno 48,Disciplina 2,8.0,Aprovado
Aluno 48,Disciplina 3,5.0,Aprovado
Aluno 48,Disciplina 4,2.0,Reprovado
Aluno 48,Disciplina 5,10.0,Aprovado
Aluno 48,Disciplina 6,7.0,Aprovado
Aluno 48,Disciplina 7,3.0,Reprovado
Aluno 48,Disciplina 8,6.0,Aprovado
Aluno 48,Disciplina 9,10.0,Aprovado
Aluno 48,Disciplina 10,1.0,Reprovado
Aluno 49,Disciplina 1,10.0,Aprovado
Aluno 49,Disciplina 2,5.0,Aprovado
Aluno 49,Disciplina 3,5.0,Aprovado
Aluno 49,Disciplina 4,3.0,Reprovado
Aluno 49,Disciplina 5,10.0,Aprovado
Aluno 49,Disciplina 6,3.0,Reprovado
Aluno 49,Disciplina 7,3.0,Reprovado
Aluno 49,Disciplina 8,4.0,Reprovado
Aluno 49,Disciplina 9,5.0,Aprovado
Aluno 49,Disciplina 10,10.0,Aprovado
Aluno 50,Disciplina 1,1.0,Reprovado
Aluno 50,Disciplina 2,9.0,Aprovado
Aluno 50,Disciplina 3,1.0,Reprovado
Aluno 50,Disciplina 4,4.0,Reprovado
Aluno 50,Disciplina 5,7.0,Aprovado
Aluno 50,Disciplina 6,5.0,Aprovado
Aluno 50,Disciplina 7,2.0,Reprovado
Aluno 50,Disciplina 8,8.0,Aprovado
Aluno 50,Disciplina 9,6.0,Aprovado
Aluno 50,Disciplina 10,1.0,Reprovado
Aluno 51,Disciplina 1,4.0,Reprovado
Aluno 51,Disciplina 2,3.0,Reprovado
Aluno 51,Disciplina 3,6.0,Aprovado
Aluno 51,Disciplina 4,7.0,Aprovado
Aluno 51,Disciplina 5,2.0,Reprovado
Aluno 51,Disciplina 6,7.0,Aprovado
Aluno 51,Disciplina 7,6.0,Aprovado
Aluno 51,Disciplina 8,10.0,Aprovado
Aluno 51,Disciplina 9,3.0,Reprovado
Aluno 51,Disciplina 10,9.0,Aprovado
Aluno 52,Disciplina 1,8.0,Aprovado
Aluno 52,Disciplina 2,7.0,Aprovado
Aluno 52,Disciplina 3,7.0,Aprovado
Aluno 52,Disciplina 4,2.0,Reprovado
Aluno 52,Disciplina 5,10.0,Aprovado
Aluno 52,Disciplina 6,10.0,Aprovado
Aluno 52,Disciplina 7,9.0,Aprovado
Aluno 52,Disciplina 8,8.0,Aprovado
Aluno 52,Disciplina 9,6.0,Aprovado
Aluno 52,Disciplina 10,7.0,Aprovado
Aluno 53,Disciplina 1,8.0,Aprovado
Aluno 53,Disciplina 2,8.0,Aprovado
Aluno 53,Disciplina 3,2.0,Reprovado
Aluno 53,Disciplina 4,1.0,Reprovado
Aluno 53,Disciplina 5,9.0,Aprovado
Aluno 53,Disciplina 6,5.0,Aprovado
Aluno 53,Disciplina 7,9.0,Aprovado
Aluno 53,Disciplina 8,7.0,Aprovado
Aluno 53,Disciplina 9,8.0,Aprovado
Aluno 53,Disciplina 10,1.0,Reprovado
Aluno 54,Disciplina 1,5.0,Aprovado
Aluno 54,Disciplina 2,6.0,Aprovado
Aluno 54,Disciplina 3,9.0,Aprovado
Aluno 54,Disciplina 4,1.0,Reprovado
Aluno 54,Disciplina 5,6.0,Aprovado
Aluno 54,Disciplina 6,5.0,Aprovado
Aluno 54,Disciplina 7,3.0,Reprovado
Aluno 54,Disciplina 8,4.0,Reprovado
Aluno 54,Disciplina 9,5.0,Aprovado
Aluno 54,Disciplina 10,5.0,Aprovado
Aluno 55,Disciplina 1,10.0,Aprovado
Aluno 55,Disciplina 2,6.0,Aprovado
Aluno 55,Disciplina 3,10.0,Aprovado
Aluno 55,Disciplina 4,9.0,Aprovado
Aluno 55,Disciplina 5,9.0,Aprovado
Aluno 55,Disciplina 6,4.0,Reprovado
Aluno 55,Disciplina 7,2.0,Reprovado
Aluno 55,Disciplina 8,8.0,Aprovado
Aluno 55,Disciplina 9,8.0,Aprovado
Aluno 55,Disciplina 10,3.0,Reprovado
Aluno 56,Disciplina 1,9.0,Aprovado
Aluno 56,Disciplina 2,1.0,Reprovado
Aluno 56,Disciplina 3,9.0,Aprovado
Aluno 56,Disciplina 4,8.0,Aprovado
Aluno 56,Disciplina 5,5.0,Aprovado
Aluno 56,Disciplina 6,4.0,Reprovado
Aluno 56,Disciplina 7,5.0,Aprovado
Aluno 56,Disciplina 8,4.0,Reprovado
Aluno 56,Disciplina 9,5.0,Aprovado
Aluno 56,Disciplina 10,8.0,Aprovado
Aluno 57,Disciplina 1,2.0,Reprovado
Aluno 57,Disciplina 2,8.0,Aprovado
Aluno 57,Disciplina 3,5.0,Aprovado
Aluno 57,Disciplina 4,5.0,Aprovado
Aluno 57,Disciplina 5,3.0,Reprovado
Aluno 57,Disciplina 6,9.0,Aprovado
Aluno 57,Disciplina 7,10.0,Aprovado
Aluno 57,Disciplina 8,3.0,Reprovado
Aluno 57,Disciplina 9,2.0,Reprovado
Aluno 57,Disciplina 10,10.0,Aprovado
Aluno 58,Disciplina 1,1.0,Reprovado
Aluno 58,Disciplina 2,8.0,Aprovado
Aluno 58,Disciplina 3,2.0,Reprovado
Aluno 58,Disciplina 4,10.0,Aprovado
Aluno 58,Disciplina 5,7.0,Aprovado
Aluno 58,Disciplina 6,5.0,Aprovado
Aluno 58,Disciplina 7,10.0,Aprovado
Aluno 58,Disciplina 8,6.0,Aprovado
Aluno 58,Disciplina 9,9.0,Aprovado
Aluno 58,Disciplina 10,7.0,Aprovado
Aluno 59,Disciplina 1,1.0,Reprovado
Aluno 59,Disciplina 2,8.0,Aprovado
Aluno 59,Disciplina 3,1.0,Reprovado
Aluno 59,Disciplina 4,9.0,Aprovado
Aluno 59,Disciplina 5,3.0,Reprovado
Aluno 59,Disciplina 6,4.0,Reprovado
Aluno 59,Disciplina 7,5.0,Aprovado
Aluno 59,Disciplina 8,7.0,Aprovado
Aluno 59,Disciplina 9,7.0,Aprovado
Aluno 59,Disciplina 10,10.0,Aprovado
Aluno 60,Disciplina 1,6.0,Aprovado
Aluno 60,Disciplina 2,10.0,Aprovado
Aluno 60,Disciplina 3,10.0,Aprovado
Aluno 60,Disciplina 4,10.0,Aprovado
Aluno 60,Disciplina 5,8.0,Aprovado
Aluno 60,Disciplina 6,2.0,Reprovado
Aluno 60,Disciplina 7,8.0,Aprovado
Aluno 60,Disciplina 8,9.0,Aprovado
Aluno 60,Disciplina 9,8.0,Aprovado
Aluno 60,Disciplina 10,1.0,Reprovado
Aluno 61,Disciplina 1,10.0,Aprovado
Aluno 61,Disciplina 2,2.0,Reprovado
Aluno 61,Disciplina 3,4.0,Reprovado
Aluno 61,Disciplina 4,8.0,Aprovado
Aluno 61,Disciplina 5,9.0,Aprovado
Aluno 61,Disciplina 6,8.0,Aprovado
Aluno 61,Disciplina 7,8.0,Aprovado
Aluno 61,Disciplina 8,9.0,Aprovado
Aluno 61,Disciplina 9,5.0,Aprovado
Aluno 61,Disciplina 10,8.0,Aprovado
Aluno 62,Disciplina 1,7.0,Aprovado
Aluno 62,Disciplina 2,9.0,Aprovado
Aluno 62,Disciplina 3,1.0,Reprovado
Aluno 62,Disciplina 4,9.0,Aprovado
Aluno 62,Disciplina 5,10.0,Aprovado
Aluno 62,Disciplina 6,5.0,Aprovado
Aluno 62,Disciplina 7,5.0,Aprovado
Aluno 62,Disciplina 8,8.0,Aprovado
Aluno 62,Disciplina 9,7.0,Aprovado
Aluno 62,Disciplina 10,5.0,Aprovado
Aluno 63,Disciplina 1,7.0,Aprovado
Aluno 63,Disciplina 2,10.0,Aprovado
Aluno 63,Disciplina 3,10.0,Aprovado
Aluno 63,Disciplina 4,5.0,Aprovado
Aluno 63,Disciplina 5,1.0,Reprovado
Aluno 63,Disciplina 6,8.0,Aprovado
Aluno 63,Disciplina 7,8.0,Aprovado
Aluno 63,Disciplina 8,1.0,Reprovado
Aluno 63,Disciplina 9,9.0,Aprovado
Aluno 63,Disciplina 10,5.0,Aprovado
Aluno 64,Disciplina 1,7.0,Aprovado
Aluno 64,Disciplina 2,8.0,Aprovado
Aluno 64,Disciplina 3,6.0,Aprovado
Aluno 64,Disciplina 4,1.0,Reprovado
Aluno 64,Disciplina 5,10.0,Aprovado
Aluno 64,Disciplina 6,6.0,Aprovado
Aluno 64,Disciplina 7,9.0,Aprovado
Aluno 64,Disciplina 8,2.0,Reprovado
Aluno 64,Disciplina 9,7.0,Aprovado
Aluno 64,Disciplina 10,9.0,Aprovado
Aluno 65,Disciplina 1,8.0,Aprovado
Aluno 65,Disciplina 2,4.0,Reprovado
Aluno 65,Disciplina 3,8.0,Aprovado
Aluno 65,Disciplina 4,3.0,Reprovado
Aluno 65,Disciplina 5,8.0,Aprovado
Aluno 65,Disciplina 6,6.0,Aprovado
Aluno 65,Disciplina 7,3.0,Reprovado
Aluno 65,Disciplina 8,8.0,Aprovado
Aluno 65,Disciplina 9,8.0,Aprovado
Aluno 65,Disciplina 10,4.0,Reprovado
Aluno 66,Disciplina 1,4.0,Reprovado
Aluno 66,Disciplina 2,7.0,Aprovado
Aluno 66,Disciplina 3,10.0,Aprovado
Aluno 66,Disciplina 4,6.0,Aprovado
Aluno 66,Disciplina 5,4.0,Reprovado
Aluno 66,Disciplina 6,8.0,Aprovado
Aluno 66,Disciplina 7,10.0,Aprovado
Aluno 66,Disciplina 8,7.0,Aprovado
Aluno 66,Disciplina 9,7.0,Aprovado
Aluno 66,Disciplina 10,7.0,Aprovado
Aluno 67,Disciplina 1,4.0,Reprovado
Aluno 67,Disciplina 2,6.0,Aprovado
Aluno 67,Disciplina 3,5.0,Aprovado
Aluno 67,Disciplina 4,3.0,Reprovado
Aluno 67,Disciplina 5,6.0,Aprovado
Aluno 67,Disciplina 6,5.0,Aprovado
Aluno 67,Disciplina 7,1.0,Reprovado
Aluno 67,Disciplina 8,10.0,Aprovado
Aluno 67,Disciplina 9,8.0,Aprovado
Aluno 67,Disciplina 10,5.0,Aprovado
Aluno 68,Disciplina 1,6.0,Aprovado
Aluno 68,Disciplina 2,3.0,Reprovado
Aluno 68,Disciplina 3,10.0,Aprovado
Aluno 68,Disciplina 4,4.0,Reprovado
Aluno 68,Disciplina 5,2.0,Reprovado
Aluno 68,Disciplina 6,1.0,Reprovado
Aluno 68,Disciplina 7,3.0,Reprovado
Aluno 68,Disciplina 8,10.0,Aprovado
Aluno 68,Disciplina 9,3.0,Reprovado
Aluno 68,Disciplina 10,3.0,Reprovado
Aluno 69,Disciplina 1,5.0,Aprovado
Aluno 69,Disciplina 2,8.0,Aprovado
Aluno 69,Disciplina 3,9.0,Aprovado
Aluno 69,Disciplina 4,3.0,Reprovado
Aluno 69,Disciplina 5,6.0,Aprovado
Aluno 69,Disciplina 6,2.0,Reprovado
Aluno 69,Disciplina 7,3.0,Reprovado
Aluno 69,Disciplina 8,6.0,Aprovado
Aluno 69,Disciplina 9,8.0,Aprovado
Aluno 69,Disciplina 10,8.0,Aprovado
Aluno 70,Disciplina 1,8.0,Aprovado
Aluno 70,Disciplina 2,8.0,Aprovado
Aluno 70,Disciplina 3,6.0,Aprovado
Aluno 70,Disciplina 4,7.0,Aprovado
Aluno 70,Disciplina 5,2.0,Reprovado
Aluno 70,Disciplina 6,9.0,Aprovado
Aluno 70,Disciplina 7,4.0,Reprovado
Aluno 70,Disciplina 8,4.0,Reprovado
Aluno 70,Disciplina 9,5.0,Aprovado
Aluno 70,Disciplina 10,6.0,Aprovado
Aluno 71,Disciplina 1,1.0,Reprovado
Aluno 71,Disciplina 2,7.0,Aprovado
Aluno 71,Disciplina 3,7.0,Aprovado
Aluno 71,Disciplina 4,3.0,Reprovado
Aluno 71,Disciplina 5,4.0,Reprovado
Aluno 71,Disciplina 6,9.0,Aprovado
Aluno 71,Disciplina 7,1.0,Reprovado
Aluno 71,Disciplina 8,2.0,Reprovado
Aluno 71,Disciplina 9,3.0,Reprovado
Aluno 71,Disciplina 10,9.0,Aprovado
Aluno 72,Disciplina 1,9.0,Aprovado
Aluno 72,Disciplina 2,4.0,Reprovado
Aluno 72,Disciplina 3,10.0,Aprovado
Aluno 72,Disciplina 4,4.0,Reprovado
Aluno 72,Disciplina 5,7.0,Aprovado
Aluno 72,Disciplina 6,4.0,Reprovado
Aluno 72,Disciplina 7,10.0,Aprovado
Aluno 72,Disciplina 8,2.0,Reprovado
Aluno 72,Disciplina 9,10.0,Aprovado
Aluno 72,Disciplina 10,8.0,Aprovado
Aluno 73,Disciplina 1,4.0,Reprovado
Aluno 73,Disciplina 2,8.0,Aprovado
Aluno 73,Disciplina 3,2.0,Reprovado
Aluno 73,Disciplina 4,10.0,Aprovado
Aluno 73,Disciplina 5,3.0,Reprovado
Aluno 73,Disciplina 6,9.0,Aprovado
Aluno 73,Disciplina 7,1.0,Reprovado
Aluno 73,Disciplina 8,10.0,Aprovado
Aluno 73,Disciplina 9,7.0,Aprovado
Aluno 73,Disciplina 10,4.0,Reprovado
Aluno 74,Disciplina 1,1.0,Reprovado
Aluno 74,Disciplina 2,8.0,Aprovado
Aluno 74,Disciplina 3,1.0,Reprovado
Aluno 74,Disciplina 4,6.0,Aprovado
Aluno 74,Disciplina 5,7.0,Aprovado
Aluno 74,Disciplina 6,4.0,Reprovado
Aluno 74,Disciplina 7,3.0,Reprovado
Aluno 74,Disciplina 8,2.0,Reprovado
Aluno 74,Disciplina 9,7.0,Aprovado
Aluno 74,Disciplina 10,5.0,Aprovado
Aluno 75,Disciplina 1,1.0,Reprovado
Aluno 75,Disciplina 2,5.0,Aprovado
Aluno 75,Disciplina 3,7.0,Aprovado
Aluno 75,Disciplina 4,4.0,Reprovado
Aluno 75,Disciplina 5,9.0,Aprovado
Aluno 75,Disciplina 6,6.0,Aprovado
Aluno 75,Disciplina 7,5.0,Aprovado
Aluno 75,Disciplina 8,2.0,Reprovado
Aluno 75,Disciplina 9,2.0,Reprovado
Aluno 75,Disciplina 10,8.0,Aprovado
Aluno 76,Disciplina 1,8.0,Aprovado
Aluno 76,Disciplina 2,10.0,Aprovado
Aluno 76,Disciplina 3,6.0,Aprovado
Aluno 76,Disciplina 4,8.0,Aprovado
Aluno 76,Disciplina 5,1.0,Reprovado
Aluno 76,Disciplina 6,1.0,Reprovado
Aluno 76,Disciplina 7,4.0,Reprovado
Aluno 76,Disciplina 8,1.0,Reprovado
Aluno 76,Disciplina 9,7.0,Aprovado
Aluno 76,Disciplina 10,10.0,Aprovado
Aluno 77,Disciplina 1,2.0,Reprovado
Aluno 77,Disciplina 2,10.0,Aprovado
Aluno 77,Disciplina 3,3.0,Reprovado
Aluno 77,Disciplina 4,2.0,Reprovado
Aluno 77,Disciplina 5,6.0,Aprovado
Aluno 77,Disciplina 6,1.0,Reprovado
Aluno 77,Disciplina 7,1.0,Reprovado
Aluno 77,Disciplina 8,9.0,Aprovado
Aluno 77,Disciplina 9,10.0,Aprovado
Aluno 77,Disciplina 10,4.0,Reprovado
Aluno 78,Disciplina 1,5.0,Aprovado
Aluno 78,Disciplina 2,8.0,Aprovado
Aluno 78,Disciplina 3,4.0,Reprovado
Aluno 78,Disciplina 4,2.0,Reprovado
Aluno 78,Disciplina 5,5.0,Aprovado
Aluno 78,Disciplina 6,2.0,Reprovado
Aluno 78,Disciplina 7,2.0,Reprovado
Aluno 78,Disciplina 8,8.0,Aprovado
Aluno 78,Disciplina 9,10.0,Aprovado
Aluno 78,Disciplina 10,7.0,Aprovado
Aluno 79,Disciplina 1,3.0,Reprovado
Aluno 79,Disciplina 2,9.0,Aprovado
Aluno 79,Disciplina 3,6.0,Aprovado
Aluno 79,Disciplina 4,10.0,Aprovado
Aluno 79,Disciplina 5,10.0,Aprovado
Aluno 79,Disciplina 6,5.0,Aprovado
Aluno 79,Disciplina 7,4.0,Reprovado
Aluno 79,Disciplina 8,5.0,Aprovado
Aluno 79,Disciplina 9,7.0,Aprovado
Aluno 79,Disciplina 10,5.0,Aprovado
Aluno 80,Disciplina 1,7.0,Aprovado
Aluno 80,Disciplina 2,5.0,Aprovado
Aluno 80,Disciplina 3,10.0,Aprovado
Aluno 80,Disciplina 4,9.0,Aprovado
Aluno 80,Disciplina 5,10.0,Aprovado
Aluno 80,Disciplina 6,8.0,Aprovado
Aluno 80,Disciplina 7,6.0,Aprovado
Aluno 80,Disciplina 8,4.0,Reprovado
Aluno 80,Disciplina 9,4.0,Reprovado
Aluno 80,Disciplina 10,7.0,Aprovado
Aluno 81,Disciplina 1,6.0,Aprovado
Aluno 81,Disciplina 2,5.0,Aprovado
Aluno 81,Disciplina 3,6.0,Aprovado
Aluno 81,Disciplina 4,7.0,Aprovado
Aluno 81,Disciplina 5,9.0,Aprovado
Aluno 81,Disciplina 6,9.0,Aprovado
Aluno 81,Disciplina 7,5.0,Aprovado
Aluno 81,Disciplina 8,5.0,Aprovado
Aluno 81,Disciplina 9,1.0,Reprovado
Aluno 81,Disciplina 10,1.0,Reprovado
Aluno 82,Disciplina 1,6.0,Aprovado
Aluno 82,Disciplina 2,1.0,Reprovado
Aluno 82,Disciplina 3,8.0,Aprovado
Aluno 82,Disciplina 4,1.0,Reprovado
Aluno 82,Disciplina 5,4.0,Reprovado
Aluno 82,Disciplina 6,6.0,Aprovado
Aluno 82,Disciplina 7,4.0,Reprovado
Aluno 82,Disciplina 8,3.0,Reprovado
Aluno 82,Disciplina 9,10.0,Aprovado
Aluno 82,Disciplina 10,9.0,Aprovado
Aluno 83,Disciplina 1,10.0,Aprovado
Aluno 83,Disciplina 2,2.0,Reprovado
Aluno 83,Disciplina 3,7.0,Aprovado
Aluno 83,Disciplina 4,2.0,Reprovado
Aluno 83,Disciplina 5,4.0,Reprovado
Aluno 83,Disciplina 6,8.0,Aprovado
Aluno 83,Disciplina 7,4.0,Reprovado
Aluno 83,Disciplina 8,4.0,Reprovado
Aluno 83,Disciplina 9,2.0,Reprovado
Aluno 83,Disciplina 10,7.0,Aprovado
Aluno 84,Disciplina 1,6.0,Aprovado
Aluno 84,Disciplina 2,9.0,Aprovado
Aluno 84,Disciplina 3,3.0,Reprovado
Aluno 84,Disciplina 4,6.0,Aprovado
Aluno 84,Disciplina 5,6.0,Aprovado
Aluno 84,Disciplina 6,3.0,Reprovado
Aluno 84,Disciplina 7,8.0,Aprovado
Aluno 84,Disciplina 8,3.0,Reprovado
Aluno 84,Disciplina 9,3.0,Reprovado
Aluno 84,Disciplina 10,5.0,Aprovado
Aluno 85,Disciplina 1,7.0,Aprovado
Aluno 85,Disciplina 2,7.0,Aprovado
Aluno 85,Disciplina 3,6.0,Aprovado
Aluno 85,Disciplina 4,7.0,Aprovado
Aluno 85,Disciplina 5,2.0,Reprovado
Aluno 85,Disciplina 6,4.0,Reprovado
Aluno 85,Disciplina 7,3.0,Reprovado
Aluno 85,Disciplina 8,3.0,Reprovado
Aluno 85,Disciplina 9,2.0,Reprovado
Aluno 85,Disciplina 10,2.0,Reprovado
Aluno 86,Disciplina 1,1.0,Reprovado
Aluno 86,Disciplina 2,7.0,Aprovado
Aluno 86,Disciplina 3,4.0,Reprovado
Aluno 86,Disciplina 4,3.0,Reprovado
Aluno 86,Disciplina 5,3.0,Reprovado
Aluno 86,Disciplina 6,2.0,Reprovado
Aluno 86,Disciplina 7,6.0,Aprovado
Aluno 86,Disciplina 8,1.0,Reprovado
Aluno 86,Disciplina 9,4.0,Reprovado
Aluno 86,Disciplina 10,5.0,Aprovado
Aluno 87,Disciplina 1,5.0,Aprovado
Aluno 87,Disciplina 2,4.0,Reprovado
Aluno 87,Disciplina 3,9.0,Aprovado
Aluno 87,Disciplina 4,6.0,Aprovado
Aluno 87,Disciplina 5,6.0,Aprovado
Aluno 87,Disciplina 6,2.0,Reprovado
Aluno 87,Disciplina 7,7.0,Aprovado
Aluno 87,Disciplina 8,5.0,Aprovado
Aluno 87,Disciplina 9,3.0,Reprovado
Aluno 87,Disciplina 10,5.0,Aprovado
Aluno 88,Disciplina 1,8.0,Aprovado
Aluno 88,Disciplina 2,2.0,Reprovado
Aluno 88,Disciplina 3,1.0,Reprovado
Aluno 88,Disciplina 4,8.0,Aprovado
Aluno 88,Disciplina 5,7.0,Aprovado
Aluno 88,Disciplina 6,7.0,Aprovado
Aluno 88,Disciplina 7,7.0,Aprovado
Aluno 88,Disciplina 8,9.0,Aprovado
Aluno 88,Disciplina 9,2.0,Reprovado
Aluno 88,Disciplina 10,6.0,Aprovado
Aluno 89,Disciplina 1,9.0,Aprovado
Aluno 89,Disciplina 2,2.0,Reprovado
Aluno 89,Disciplina 3,10.0,Aprovado
Aluno 89,Disciplina 4,3.0,Reprovado
Aluno 89,Disciplina 5,2.0,Reprovado
Aluno 89,Disciplina 6,1.0,Reprovado
Aluno 89,Disciplina 7,10.0,Aprovado
Aluno 89,Disciplina 8,10.0,Aprovado
Aluno 89,Disciplina 9,9.0,Aprovado
Aluno 89,Disciplina 10,8.0,Aprovado
Aluno 90,Disciplina 1,3.0,Reprovado
Aluno 90,Disciplina 2,6.0,Aprovado
Aluno 90,Disciplina 3,7.0,Aprovado
Aluno 90,Disciplina 4,4.0,Reprovado
Aluno 90,Disciplina 5,3.0,Reprovado
Aluno 90,Disciplina 6,9.0,Aprovado
Aluno 90,Disciplina 7,4.0,Reprovado
Aluno 90,Disciplina 8,8.0,Aprovado
Aluno 90,Disciplina 9,2.0,Reprovado
Aluno 90,Disciplina 10,1.0,Reprovado
Aluno 91,Disciplina 1,3.0,Reprovado
Aluno 91,Disciplina 2,9.0,Aprovado
Aluno 91,Disciplina 3,3.0,Reprovado
Aluno 91,Disciplina 4,2.0,Reprovado
Aluno 91,Disciplina 5,10.0,Aprovado
Aluno 91,Disciplina 6,1.0,Reprovado
Aluno 91,Disciplina 7,9.0,Aprovado
Aluno 91,Disciplina 8,9.0,Aprovado
Aluno 91,Disciplina 9,9.0,Aprovado
Aluno 91,Disciplina 10,6.0,Aprovado
Aluno 92,Disciplina 1,1.0,Reprovado
Aluno 92,Disciplina 2,1.0,Reprovado
Aluno 92,Disciplina 3,9.0,Aprovado
Aluno 92,Disciplina 4,2.0,Reprovado
Aluno 92,Disciplina 5,10.0,Aprovado
Aluno 92,Disciplina 6,9.0,Aprovado
Aluno 92,Disciplina 7,5.0,Aprovado
Aluno 92,Disciplina 8,2.0,Reprovado
Aluno 92,Disciplina 9,7.0,Aprovado
Aluno 92,Disciplina 10,1.0,Reprovado
Aluno 93,Disciplina 1,9.0,Aprovado
Aluno 93,Disciplina 2,6.0,Aprovado
Aluno 93,Disciplina 3,2.0,Reprovado
Aluno 93,Disciplina 4,6.0,Aprovado
Aluno 93,Disciplina 5,10.0,Aprovado
Aluno 93,Disciplina 6,8.0,Aprovado
Aluno 93,Disciplina 7,2.0,Reprovado
Aluno 93,Disciplina 8,5.0,Aprovado
Aluno 93,Disciplina 9,5.0,Aprovado
Aluno 93,Disciplina 10,6.0,Aprovado
Aluno 94,Disciplina 1,9.0,Aprovado
Aluno 94,Disciplina 2,6.0,Aprovado
Aluno 94,Disciplina 3,5.0,Aprovado
Aluno 94,Disciplina 4,6.0,Aprovado
Aluno 94,Disciplina 5,4.0,Reprovado
Aluno 94,Disciplina 6,2.0,Reprovado
Aluno 94,Disciplina 7,9.0,Aprovado
Aluno 94,Disciplina 8,8.0,Aprovado
Aluno 94,Disciplina 9,3.0,Reprovado
Aluno 94,Disciplina 10,2.0,Reprovado
Aluno 95,Disciplina 1,8.0,Aprovado
Aluno 95,Disciplina 2,3.0,Reprovado
Aluno 95,Disciplina 3,4.0,Reprovado
Aluno 95,Disciplina 4,5.0,Aprovado
Aluno 95,Disciplina 5,1.0,Reprovado
Aluno 95,Disciplina 6,4.0,Reprovado
Aluno 95,Disciplina 7,7.0,Aprovado
Aluno 95,Disciplina 8,6.0,Aprovado
Aluno 95,Disciplina 9,3.0,Reprovado
Aluno 95,Disciplina 10,6.0,Aprovado
Aluno 96,Disciplina 1,6.0,Aprovado
Aluno 96,Disciplina 2,6.0,Aprovado
Aluno 96,Disciplina 3,10.0,Aprovado
Aluno 96,Disciplina 4,2.0,Reprovado
Aluno 96,Disciplina 5,5.0,Aprovado
Aluno 96,Disciplina 6,8.0,Aprovado
Aluno 96,Disciplina 7,2.0,Reprovado
Aluno 96,Disciplina 8,1.0,Reprovado
Aluno 96,Disciplina 9,6.0,Aprovado
Aluno 96,Disciplina 10,8.0,Aprovado
Aluno 97,Disciplina 1,1.0,Reprovado
Aluno 97,Disciplina 2,9.0,Aprovado
Aluno 97,Disciplina 3,9.0,Aprovado
Aluno 97,Disciplina 4,9.0,Aprovado
Aluno 97,Disciplina 5,4.0,Reprovado
Aluno 97,Disciplina 6,6.0,Aprovado
Aluno 97,Disciplina 7,2.0,Reprovado
Aluno 97,Disciplina 8,3.0,Reprovado
Aluno 97,Disciplina 9,3.0,Reprovado
Aluno 97,Disciplina 10,8.0,Aprovado
Aluno 98,Disciplina 1,4.0,Reprovado
Aluno 98,Disciplina 2,10.0,Aprovado
Aluno 98,Disciplina 3,10.0,Aprovado
Aluno 98,Disciplina 4,5.0,Aprovado
Aluno 98,Disciplina 5,9.0,Aprovado
Aluno 98,Disciplina 6,3.0,Reprovado
Aluno 98,Disciplina 7,9.0,Aprovado
Aluno 98,Disciplina 8,3.0,Reprovado
Aluno 98,Disciplina 9,5.0,Aprovado
Aluno 98,Disciplina 10,3.0,Reprovado
Aluno 99,Disciplina 1,2.0,Reprovado
Aluno 99,Disciplina 2,7.0,Aprovado
Aluno 99,Disciplina 3,5.0,Aprovado
Aluno 99,Disciplina 4,8.0,Aprovado
Aluno 99,Disciplina 5,1.0,Reprovado
Aluno 99,Disciplina 6,2.0,Reprovado
Aluno 99,Disciplina 7,5.0,Aprovado
Aluno 99,Disciplina 8,7.0,Aprovado
Aluno 99,Disciplina 9,3.0,Reprovado
Aluno 99,Disciplina 10,6.0,Aprovado
Aluno 100,Disciplina 1,3.0,Reprovado
Aluno 100,Disciplina 2,9.0,Aprovado
Aluno 100,Disciplina 3,3.0,Reprovado
Aluno 100,Disciplina 4,1.0,Reprovado
Aluno 100,Disciplina 5,6.0,Aprovado
Aluno 100,Disciplina 6,9.0,Aprovado
Aluno 100,Disciplina 7,8.0,Aprovado
Aluno 100,Disciplina 8,2.0,Reprovado
Aluno 100,Disciplina 9,2.0,Reprovado
Aluno 100,Disciplina 10,3.0,Reprovado
